{"name":"t:sections.footer.name","type":"footer","sections":{"footer":{"type":"footer","blocks":{"feaab676-04cd-4e20-aab0-753f3d2ca88d":{"type":"image","settings":{"image":"shopify:\/\/shop_images\/teegr.png","image_width":130,"alignment":"center"}},"2bcbeda8-f24b-4b40-9e6f-c78646ff3996":{"type":"link_list","settings":{"heading":"<em>Need Some Assistance?<\/em>","menu":"footer"}},"786cdede-42c8-475c-8bea-d8303672c324":{"type":"text","settings":{"heading":"","subtext":"<p><em>contactyourstore@gmail.com<\/em><\/p><p>Based in Miami, FL.<\/p>"}}},"block_order":["feaab676-04cd-4e20-aab0-753f3d2ca88d","2bcbeda8-f24b-4b40-9e6f-c78646ff3996","786cdede-42c8-475c-8bea-d8303672c324"],"settings":{"color_scheme":"inverse","newsletter_enable":false,"newsletter_heading":"Want To Save More? Sign Up To Receive Exclusive Offers, Discounts, & Free Product Giveaways!","enable_follow_on_shop":true,"show_social":true,"enable_country_selector":true,"enable_language_selector":true,"payment_enable":true,"show_policy":false,"margin_top":0,"padding_top":36,"padding_bottom":36}}},"order":["footer"]}