{"sections":{"image_banner":{"type":"image-banner","blocks":{"heading":{"type":"heading","settings":{"heading":"The #1 Product™","heading_size":"h0"}},"e62406f3-194d-4849-a414-48c082505231":{"type":"text","settings":{"text":"(optional text\/slogan)","text_style":"body"}},"button":{"type":"buttons","settings":{"button_label_1":"GET YOURS NOW!","button_link_1":"shopify:\/\/products\/product-name-here™","button_style_secondary_1":true,"button_label_2":"","button_link_2":"","button_style_secondary_2":false}}},"block_order":["heading","e62406f3-194d-4849-a414-48c082505231","button"],"settings":{"image":"shopify:\/\/shop_images\/thdgeth_1cfb5c5b-6da5-4a3a-81b4-2e22feebe662.png","image_overlay_opacity":10,"image_height":"large","desktop_content_position":"middle-center","show_text_box":false,"desktop_content_alignment":"center","color_scheme":"inverse","image_behavior":"none","mobile_content_alignment":"center","stack_images_on_mobile":false,"show_text_below":false}},"19e0711c-bb42-4078-baa5-72f630a757d6":{"type":"rich-text","blocks":{"template--15086485504087__19e0711c-bb42-4078-baa5-72f630a757d6-heading-1":{"type":"heading","settings":{"heading":"Featured On...","heading_size":"h2"}}},"block_order":["template--15086485504087__19e0711c-bb42-4078-baa5-72f630a757d6-heading-1"],"settings":{"desktop_content_position":"center","content_alignment":"center","color_scheme":"","full_width":true,"padding_top":48,"padding_bottom":20}},"0c43d0e4-f870-4431-a46e-8955eece6b13":{"type":"image-banner","blocks":{"template--15086485504087__0c43d0e4-f870-4431-a46e-8955eece6b13-heading-1":{"type":"heading","settings":{"heading":"","heading_size":"h1"}}},"block_order":["template--15086485504087__0c43d0e4-f870-4431-a46e-8955eece6b13-heading-1"],"settings":{"image":"shopify:\/\/shop_images\/aseenon1.png","image_overlay_opacity":0,"image_height":"adapt","desktop_content_position":"middle-center","show_text_box":false,"desktop_content_alignment":"center","color_scheme":"","image_behavior":"none","mobile_content_alignment":"center","stack_images_on_mobile":true,"show_text_below":true}},"2a0e1f0b-df3e-4fbe-8d72-57a1bf5ca000":{"type":"multicolumn","blocks":{"template--15086485504087__2a0e1f0b-df3e-4fbe-8d72-57a1bf5ca000-column-1":{"type":"column","settings":{"title":"- Verified Buyer -","text":"<p>\"This is the best product ever! I recommended this to all my friends & they went ahead & bought one too! 10\/10\"<\/p><h2>★★★★★<\/h2><p>- Jackie T.<\/p>","link_label":"","link":""}}},"block_order":["template--15086485504087__2a0e1f0b-df3e-4fbe-8d72-57a1bf5ca000-column-1"],"settings":{"title":"","heading_size":"h2","image_width":"third","image_ratio":"adapt","columns_desktop":3,"column_alignment":"center","background_style":"primary","button_label":"","button_link":"","color_scheme":"background-2","columns_mobile":"1","swipe_on_mobile":false,"padding_top":0,"padding_bottom":48}},"0429e19a-6fe0-4eaf-82ec-cbfcf58beeca":{"type":"rich-text","blocks":{"template--15086485504087__0429e19a-6fe0-4eaf-82ec-cbfcf58beeca-heading-1":{"type":"heading","settings":{"heading":"30-Day Satisfication","heading_size":"h0"}},"template--15086485504087__0429e19a-6fe0-4eaf-82ec-cbfcf58beeca-text-1":{"type":"text","settings":{"text":"<p>If you're not 100% satisfied within the first 30 days, just send it back to us and we'll give you a full refund.<\/p><p>No need to worry about the return shipping - we've got you covered!<\/p>"}}},"block_order":["template--15086485504087__0429e19a-6fe0-4eaf-82ec-cbfcf58beeca-heading-1","template--15086485504087__0429e19a-6fe0-4eaf-82ec-cbfcf58beeca-text-1"],"settings":{"desktop_content_position":"center","content_alignment":"center","color_scheme":"accent-1","full_width":true,"padding_top":32,"padding_bottom":40}},"b1fc9715-3bfd-4f32-bc43-4848e8597d59":{"type":"image-with-text","blocks":{"template--15086485504087__b1fc9715-3bfd-4f32-bc43-4848e8597d59-heading-1":{"type":"heading","settings":{"heading":"Product Benefit Here*","heading_size":"h0"}},"template--15086485504087__b1fc9715-3bfd-4f32-bc43-4848e8597d59-text-1":{"type":"text","settings":{"text":"<p>Write A Short Text About Your Product Here. <strong>Bold<\/strong> The Words That <strong>Stand Out<\/strong> To <strong>Increase<\/strong> <strong>Higher<\/strong> <strong>Likelyhood Of Converting <\/strong>The Customer.<\/p>","text_style":"subtitle"}},"template--15086485504087__b1fc9715-3bfd-4f32-bc43-4848e8597d59-button-1":{"type":"button","settings":{"button_label":"GET YOURS HERE!","button_link":"","button_style_secondary":false}}},"block_order":["template--15086485504087__b1fc9715-3bfd-4f32-bc43-4848e8597d59-heading-1","template--15086485504087__b1fc9715-3bfd-4f32-bc43-4848e8597d59-text-1","template--15086485504087__b1fc9715-3bfd-4f32-bc43-4848e8597d59-button-1"],"settings":{"height":"adapt","desktop_image_width":"medium","layout":"image_first","desktop_content_position":"middle","desktop_content_alignment":"right","content_layout":"no-overlap","section_color_scheme":"","color_scheme":"","image_behavior":"none","mobile_content_alignment":"center","padding_top":48,"padding_bottom":32}},"5fb5c300-ab91-4aaa-ab91-feccc6c2c1cd":{"type":"featured-product","blocks":{"template--15086485504087__5fb5c300-ab91-4aaa-ab91-feccc6c2c1cd-title-1":{"type":"title","settings":{"heading_size":"h1"}},"template--15086485504087__5fb5c300-ab91-4aaa-ab91-feccc6c2c1cd-price-1":{"type":"price","settings":{}},"template--15086485504087__5fb5c300-ab91-4aaa-ab91-feccc6c2c1cd-variant_picker-1":{"type":"variant_picker","settings":{"picker_type":"button"}},"template--15086485504087__5fb5c300-ab91-4aaa-ab91-feccc6c2c1cd-buy_buttons-1":{"type":"buy_buttons","settings":{"show_dynamic_checkout":true,"show_gift_card_recipient":true}},"template--15086485504087__5fb5c300-ab91-4aaa-ab91-feccc6c2c1cd-share-1":{"type":"share","settings":{"share_label":"Share"}}},"block_order":["template--15086485504087__5fb5c300-ab91-4aaa-ab91-feccc6c2c1cd-title-1","template--15086485504087__5fb5c300-ab91-4aaa-ab91-feccc6c2c1cd-price-1","template--15086485504087__5fb5c300-ab91-4aaa-ab91-feccc6c2c1cd-variant_picker-1","template--15086485504087__5fb5c300-ab91-4aaa-ab91-feccc6c2c1cd-buy_buttons-1","template--15086485504087__5fb5c300-ab91-4aaa-ab91-feccc6c2c1cd-share-1"],"disabled":true,"settings":{"product":"product-name-here™","color_scheme":"","secondary_background":false,"media_size":"medium","constrain_to_viewport":true,"media_fit":"contain","media_position":"left","image_zoom":"lightbox","hide_variants":false,"enable_video_looping":false,"padding_top":36,"padding_bottom":36}},"1ade3f73-b109-4e1e-ad44-7ecc8fff1d00":{"type":"rich-text","blocks":{"template--15086485504087__1ade3f73-b109-4e1e-ad44-7ecc8fff1d00-heading-1":{"type":"heading","settings":{"heading":"Why People Love (Brand Name)<strong>™<\/strong>","heading_size":"h1"}},"template--15086485504087__1ade3f73-b109-4e1e-ad44-7ecc8fff1d00-text-1":{"type":"text","settings":{"text":"<p>Based on 5,000+ ★★★★★ Reviews...<\/p>"}}},"block_order":["template--15086485504087__1ade3f73-b109-4e1e-ad44-7ecc8fff1d00-heading-1","template--15086485504087__1ade3f73-b109-4e1e-ad44-7ecc8fff1d00-text-1"],"settings":{"desktop_content_position":"center","content_alignment":"center","color_scheme":"accent-1","full_width":true,"padding_top":40,"padding_bottom":52}},"b9a18a18-e430-4fb4-854a-335cae18cd9c":{"type":"multicolumn","blocks":{"template--15086485504087__b9a18a18-e430-4fb4-854a-335cae18cd9c-column-1":{"type":"column","settings":{"image":"shopify:\/\/shop_images\/customer_support.png","title":"24\/7 CUSTOMER SUPPORT","text":"<p>We offer instant customer support when you need help!<\/p>","link_label":"","link":""}},"template--15086485504087__b9a18a18-e430-4fb4-854a-335cae18cd9c-column-2":{"type":"column","settings":{"image":"shopify:\/\/shop_images\/moneybackguaranteeribbon.png","title":"MONEY BACK GUARANTEE","text":"<p>Your 100% covered. We are extremely confident in (Product™) & we offer free returns within 365 days of your order if you don't like it!<\/p>","link_label":"","link":""}},"template--15086485504087__b9a18a18-e430-4fb4-854a-335cae18cd9c-column-3":{"type":"column","settings":{"image":"shopify:\/\/shop_images\/tgrrg.png","title":"45,000+ CUSTOMERS!","text":"<p>We proudly have 45,000+ happy customers since our launch in 2019!<\/p>","link_label":"","link":""}}},"block_order":["template--15086485504087__b9a18a18-e430-4fb4-854a-335cae18cd9c-column-1","template--15086485504087__b9a18a18-e430-4fb4-854a-335cae18cd9c-column-2","template--15086485504087__b9a18a18-e430-4fb4-854a-335cae18cd9c-column-3"],"settings":{"title":"","heading_size":"h1","image_width":"third","image_ratio":"adapt","columns_desktop":3,"column_alignment":"center","background_style":"none","button_label":"","button_link":"","color_scheme":"accent-1","columns_mobile":"1","swipe_on_mobile":false,"padding_top":0,"padding_bottom":0}},"2a2733f7-4b81-4489-b2a9-ac8517f9ca24":{"type":"newsletter","blocks":{"template--15086485504087__2a2733f7-4b81-4489-b2a9-ac8517f9ca24-heading-1":{"type":"heading","settings":{"heading":"Want To Save More?","heading_size":"h1"}},"template--15086485504087__2a2733f7-4b81-4489-b2a9-ac8517f9ca24-paragraph-1":{"type":"paragraph","settings":{"text":"<p>Sign Up To Receive <strong>Exclusive Offers, Discounts, <\/strong>& <strong>Free Product Giveaways!<\/strong><\/p>"}},"template--15086485504087__2a2733f7-4b81-4489-b2a9-ac8517f9ca24-email_form-1":{"type":"email_form","settings":{}}},"block_order":["template--15086485504087__2a2733f7-4b81-4489-b2a9-ac8517f9ca24-heading-1","template--15086485504087__2a2733f7-4b81-4489-b2a9-ac8517f9ca24-paragraph-1","template--15086485504087__2a2733f7-4b81-4489-b2a9-ac8517f9ca24-email_form-1"],"settings":{"color_scheme":"inverse","full_width":true,"padding_top":40,"padding_bottom":52}}},"order":["image_banner","19e0711c-bb42-4078-baa5-72f630a757d6","0c43d0e4-f870-4431-a46e-8955eece6b13","2a0e1f0b-df3e-4fbe-8d72-57a1bf5ca000","0429e19a-6fe0-4eaf-82ec-cbfcf58beeca","b1fc9715-3bfd-4f32-bc43-4848e8597d59","5fb5c300-ab91-4aaa-ab91-feccc6c2c1cd","1ade3f73-b109-4e1e-ad44-7ecc8fff1d00","b9a18a18-e430-4fb4-854a-335cae18cd9c","2a2733f7-4b81-4489-b2a9-ac8517f9ca24"]}