{"sections":{"main":{"type":"main-page","disabled":true,"settings":{"padding_top":36,"padding_bottom":36}},"cf5ce686-dcfb-4c27-bd37-d0f8f62a8c5f":{"type":"rich-text","blocks":{"template--15086485569623__cf5ce686-dcfb-4c27-bd37-d0f8f62a8c5f-heading-1":{"type":"heading","settings":{"heading":"Contact Us","heading_size":"h0"}}},"block_order":["template--15086485569623__cf5ce686-dcfb-4c27-bd37-d0f8f62a8c5f-heading-1"],"settings":{"desktop_content_position":"center","content_alignment":"center","color_scheme":"","full_width":true,"padding_top":40,"padding_bottom":52}},"0ce7ea9c-f24d-435f-b5d4-a03b40bee700":{"type":"rich-text","blocks":{"template--15086485569623__0ce7ea9c-f24d-435f-b5d4-a03b40bee700-heading-1":{"type":"heading","settings":{"heading":"We'll Get Back To You As Soon As Possible!","heading_size":"h1"}},"template--15086485569623__0ce7ea9c-f24d-435f-b5d4-a03b40bee700-text-1":{"type":"text","settings":{"text":"<p><em>If regarding an order, please add the order # of your concern.<\/em><\/p>"}}},"block_order":["template--15086485569623__0ce7ea9c-f24d-435f-b5d4-a03b40bee700-heading-1","template--15086485569623__0ce7ea9c-f24d-435f-b5d4-a03b40bee700-text-1"],"settings":{"desktop_content_position":"center","content_alignment":"center","color_scheme":"","full_width":true,"padding_top":28,"padding_bottom":0}},"form":{"type":"contact-form","settings":{"heading":"","heading_size":"h1","color_scheme":"background-1","padding_top":36,"padding_bottom":36}}},"order":["main","cf5ce686-dcfb-4c27-bd37-d0f8f62a8c5f","0ce7ea9c-f24d-435f-b5d4-a03b40bee700","form"]}