{"sections":{"main":{"type":"main-product","blocks":{"title":{"type":"title","settings":{}},"price":{"type":"price","settings":{}},"3bee16aa-d0a2-443d-aeda-c631d4493f7e":{"type":"text","settings":{"text":"★★★★★ *review app *","text_style":"body"}},"variant_picker":{"type":"variant_picker","settings":{"picker_type":"button"}},"buy_buttons":{"type":"buy_buttons","settings":{"show_dynamic_checkout":true,"show_gift_card_recipient":true}},"6be97d63-573b-4835-829c-196a84847fef":{"type":"custom_liquid","settings":{"custom_liquid":"<p style=\"font-size:14px; margin:0; padding:0; color:black;\">\n    <span style=\"height:8px; width:8px; background-color:#dc143c; border-radius:50%; display:inline-block; animation:blinking 1.5s infinite;\"><\/span>\n    <span style=\"color:#dc143c;\">Note:<\/span> Only <span style=\"font-weight:bold;\">7<\/span> units left in stock\n<\/p>\n\n<style>\n@keyframes blinking {\n    0% { opacity: 1.0; }\n    50% { opacity: 0.0; }\n    100% { opacity: 1.0; }\n}\n<\/style>"}},"f716c047-68f2-43c4-a711-0f40b3d23479":{"type":"icon-with-text","settings":{"layout":"horizontal","icon_1":"truck","heading_1":"Fast Shipping","icon_2":"lock","heading_2":"Secure Checkout","icon_3":"return","heading_3":"30-Day Returns"}},"a778d8d8-1d0e-4d5c-b6b9-2f340752528e":{"type":"collapsible_tab","settings":{"heading":"How it works?","icon":"question_mark","content":"","page":""}},"ffc825cd-e7df-4b25-83ec-9bb52361a38c":{"type":"collapsible_tab","settings":{"heading":"Our Guarantee","icon":"heart","content":"","page":""}},"e3f541c0-8fbd-4937-962d-459921154f37":{"type":"collapsible_tab","settings":{"heading":"Shipping Information","icon":"truck","content":"","page":""}}},"block_order":["title","price","3bee16aa-d0a2-443d-aeda-c631d4493f7e","variant_picker","buy_buttons","6be97d63-573b-4835-829c-196a84847fef","f716c047-68f2-43c4-a711-0f40b3d23479","a778d8d8-1d0e-4d5c-b6b9-2f340752528e","ffc825cd-e7df-4b25-83ec-9bb52361a38c","e3f541c0-8fbd-4937-962d-459921154f37"],"settings":{"enable_sticky_info":true,"color_scheme":"background-1","media_size":"medium","constrain_to_viewport":false,"media_fit":"contain","gallery_layout":"thumbnail_slider","media_position":"left","image_zoom":"none","mobile_thumbnails":"hide","hide_variants":false,"enable_video_looping":false,"padding_top":0,"padding_bottom":12}},"ff89e435-0fed-46c2-ad60-a488008b6c5b":{"type":"multicolumn","blocks":{"template--15086485667927__ff89e435-0fed-46c2-ad60-a488008b6c5b-column-3":{"type":"column","settings":{"title":"- Verified Buyer -","text":"<p>\"This is the best product ever! I recommended this to all my friends & they went ahead & bought one too! 10\/10\"<\/p><h2>★★★★★<\/h2><p>- Jackie T.<\/p><p><\/p>","link_label":"","link":""}}},"block_order":["template--15086485667927__ff89e435-0fed-46c2-ad60-a488008b6c5b-column-3"],"settings":{"title":"","heading_size":"h2","image_width":"full","image_ratio":"adapt","columns_desktop":3,"column_alignment":"center","background_style":"primary","button_label":"","button_link":"","color_scheme":"background-2","columns_mobile":"1","swipe_on_mobile":false,"padding_top":36,"padding_bottom":36}},"b02255d2-b2e0-4cba-bbf4-e04506097ca3":{"type":"image-with-text","blocks":{"template--15086485667927__b02255d2-b2e0-4cba-bbf4-e04506097ca3-heading-1":{"type":"heading","settings":{"heading":"Main Benefit #1","heading_size":"h1"}},"template--15086485667927__b02255d2-b2e0-4cba-bbf4-e04506097ca3-text-1":{"type":"text","settings":{"text":"<p>Use Body Text To Talk About The Topic Of \"Main Benefit #1\". To Capture The Buyers Attention, Make The <strong>Main Features \/ Pros Of The Product <\/strong>Font <strong>Bold <\/strong>To <strong>Make Text Stand Out<\/strong>)<\/p>","text_style":"body"}}},"block_order":["template--15086485667927__b02255d2-b2e0-4cba-bbf4-e04506097ca3-heading-1","template--15086485667927__b02255d2-b2e0-4cba-bbf4-e04506097ca3-text-1"],"settings":{"height":"adapt","desktop_image_width":"medium","layout":"text_first","desktop_content_position":"top","desktop_content_alignment":"left","content_layout":"no-overlap","section_color_scheme":"","color_scheme":"","image_behavior":"ambient","mobile_content_alignment":"left","padding_top":36,"padding_bottom":36}},"894895de-c4b5-454b-a966-c08c0e4ccf21":{"type":"rich-text","blocks":{"template--15086485667927__894895de-c4b5-454b-a966-c08c0e4ccf21-text-1":{"type":"text","settings":{"text":"<p><em>as seen on...<\/em><\/p>"}}},"block_order":["template--15086485667927__894895de-c4b5-454b-a966-c08c0e4ccf21-text-1"],"settings":{"desktop_content_position":"center","content_alignment":"center","color_scheme":"","full_width":true,"padding_top":12,"padding_bottom":20}},"92f93402-00b5-4032-90e7-6417ac7450e8":{"type":"image-banner","settings":{"image":"shopify:\/\/shop_images\/aseenon1.png","image_overlay_opacity":0,"image_height":"adapt","desktop_content_position":"middle-center","show_text_box":true,"desktop_content_alignment":"center","color_scheme":"","image_behavior":"none","mobile_content_alignment":"center","stack_images_on_mobile":true,"show_text_below":true}},"related-products":{"type":"related-products","settings":{"heading":"","heading_size":"h2","products_to_show":4,"columns_desktop":4,"color_scheme":"background-1","image_ratio":"square","image_shape":"default","show_secondary_image":false,"show_vendor":false,"show_rating":false,"columns_mobile":"2","padding_top":36,"padding_bottom":28}},"59b425d5-50be-4421-a5fe-19d951a8772b":{"type":"rich-text","blocks":{"template--15086485667927__59b425d5-50be-4421-a5fe-19d951a8772b-heading-1":{"type":"heading","settings":{"heading":"Why People Love (Brand Name)<strong>™<\/strong>","heading_size":"h1"}},"50d41fcb-5019-42cd-a0de-1570d7f4d5ac":{"type":"text","settings":{"text":"<p>Based on 5,000+ ★★★★★ Reviews...<\/p>"}}},"block_order":["template--15086485667927__59b425d5-50be-4421-a5fe-19d951a8772b-heading-1","50d41fcb-5019-42cd-a0de-1570d7f4d5ac"],"settings":{"desktop_content_position":"center","content_alignment":"center","color_scheme":"accent-1","full_width":true,"padding_top":36,"padding_bottom":0}},"ad6cb685-ae7d-43b6-96ae-cba183e699ed":{"type":"multicolumn","blocks":{"template--15086485667927__ad6cb685-ae7d-43b6-96ae-cba183e699ed-column-1":{"type":"column","settings":{"image":"shopify:\/\/shop_images\/customer_support.png","title":"24\/7 CUSTOMER SUPPORT","text":"<p>We offer instant customer support when you need help!<\/p>","link_label":"","link":""}},"template--15086485667927__ad6cb685-ae7d-43b6-96ae-cba183e699ed-column-2":{"type":"column","settings":{"image":"shopify:\/\/shop_images\/moneybackguaranteeribbon.png","title":"30-DAY MONEY BACK GUARANTEE","text":"<p>Your 100% covered. We are extremely confident in (Product™) & we offer free returns within 30 days of your order if you don't like it!<\/p>","link_label":"","link":""}},"template--15086485667927__ad6cb685-ae7d-43b6-96ae-cba183e699ed-column-3":{"type":"column","settings":{"image":"shopify:\/\/shop_images\/tgrrg.png","title":"45,000+ CUSTOMERS!","text":"<p>We proudly have 45,000+ happy customers since our launch in 2019!<\/p>","link_label":"","link":""}}},"block_order":["template--15086485667927__ad6cb685-ae7d-43b6-96ae-cba183e699ed-column-1","template--15086485667927__ad6cb685-ae7d-43b6-96ae-cba183e699ed-column-2","template--15086485667927__ad6cb685-ae7d-43b6-96ae-cba183e699ed-column-3"],"settings":{"title":"","heading_size":"h1","image_width":"third","image_ratio":"adapt","columns_desktop":3,"column_alignment":"center","background_style":"none","button_label":"","button_link":"","color_scheme":"accent-1","columns_mobile":"1","swipe_on_mobile":false,"padding_top":36,"padding_bottom":0}},"3eb458c1-1b56-4b33-83fd-1c36cd779289":{"type":"image-with-text","blocks":{"template--15086485667927__3eb458c1-1b56-4b33-83fd-1c36cd779289-heading-1":{"type":"heading","settings":{"heading":"Handle The Objection \/ Benefit #2","heading_size":"h1"}},"template--15086485667927__3eb458c1-1b56-4b33-83fd-1c36cd779289-text-1":{"type":"text","settings":{"text":"<p>What <strong>Questions\/Concerns<\/strong> Would Your Customer Have?<\/p><p>Answer That <strong>In<\/strong> <strong>Details<\/strong> To Convert Them From Customer <strong>→ <\/strong>Buyer...<\/p>","text_style":"body"}}},"block_order":["template--15086485667927__3eb458c1-1b56-4b33-83fd-1c36cd779289-heading-1","template--15086485667927__3eb458c1-1b56-4b33-83fd-1c36cd779289-text-1"],"settings":{"height":"adapt","desktop_image_width":"medium","layout":"image_first","desktop_content_position":"top","desktop_content_alignment":"left","content_layout":"no-overlap","section_color_scheme":"","color_scheme":"","image_behavior":"ambient","mobile_content_alignment":"left","padding_top":36,"padding_bottom":36}},"9cd4065a-1a98-4b0d-a54d-43d22ce98e5a":{"type":"image-with-text","blocks":{"template--15086485667927__9cd4065a-1a98-4b0d-a54d-43d22ce98e5a-heading-1":{"type":"heading","settings":{"heading":"Main Benefit #3","heading_size":"h1"}},"template--15086485667927__9cd4065a-1a98-4b0d-a54d-43d22ce98e5a-text-1":{"type":"text","settings":{"text":"<p>Use Body Text To Talk About The Topic Of \"Main Benefit #1\". To Capture The Buyers Attention, Make The <strong>Main Features \/ Pros Of The Product <\/strong>Font <strong>Bold <\/strong>To <strong>Make Text Stand Out<\/strong>)<\/p>","text_style":"body"}}},"block_order":["template--15086485667927__9cd4065a-1a98-4b0d-a54d-43d22ce98e5a-heading-1","template--15086485667927__9cd4065a-1a98-4b0d-a54d-43d22ce98e5a-text-1"],"settings":{"height":"adapt","desktop_image_width":"medium","layout":"text_first","desktop_content_position":"top","desktop_content_alignment":"left","content_layout":"no-overlap","section_color_scheme":"","color_scheme":"","image_behavior":"none","mobile_content_alignment":"left","padding_top":36,"padding_bottom":36}},"b3dfe4f8-3c0f-4006-99b1-a7a49e1291c1":{"type":"rich-text","blocks":{"template--15086485667927__b3dfe4f8-3c0f-4006-99b1-a7a49e1291c1-heading-1":{"type":"heading","settings":{"heading":"30-Day Satisfaction","heading_size":"h0"}},"template--15086485667927__b3dfe4f8-3c0f-4006-99b1-a7a49e1291c1-text-1":{"type":"text","settings":{"text":"<p>If you're not 100% satisfied within the first 30 days, just send it back to us and we'll give you a full refund.<\/p><p>No need to worry about the return shipping - we've got you covered!<\/p>"}}},"block_order":["template--15086485667927__b3dfe4f8-3c0f-4006-99b1-a7a49e1291c1-heading-1","template--15086485667927__b3dfe4f8-3c0f-4006-99b1-a7a49e1291c1-text-1"],"settings":{"desktop_content_position":"center","content_alignment":"center","color_scheme":"accent-1","full_width":true,"padding_top":32,"padding_bottom":40}},"fa279310-43cb-4c46-94e1-2cbabbb8ee4b":{"type":"rich-text","blocks":{"template--15086485667927__fa279310-43cb-4c46-94e1-2cbabbb8ee4b-heading-1":{"type":"heading","settings":{"heading":"Frequently Asked Questions","heading_size":"h1"}},"template--15086485667927__fa279310-43cb-4c46-94e1-2cbabbb8ee4b-text-1":{"type":"text","settings":{"text":"<p>Find Your Answers Here...<\/p>"}}},"block_order":["template--15086485667927__fa279310-43cb-4c46-94e1-2cbabbb8ee4b-heading-1","template--15086485667927__fa279310-43cb-4c46-94e1-2cbabbb8ee4b-text-1"],"settings":{"desktop_content_position":"center","content_alignment":"center","color_scheme":"","full_width":true,"padding_top":40,"padding_bottom":0}},"b34ce4ac-4fe8-426f-835c-794725f20a63":{"type":"collapsible-content","blocks":{"template--15086485667927__b34ce4ac-4fe8-426f-835c-794725f20a63-collapsible_row-3":{"type":"collapsible_row","settings":{"heading":"*Question 1 About Product*","icon":"question_mark","row_content":"","page":""}},"template--15086485667927__b34ce4ac-4fe8-426f-835c-794725f20a63-collapsible_row-4":{"type":"collapsible_row","settings":{"heading":"*Question 2 About Product*","icon":"question_mark","row_content":"","page":""}},"263adf61-74bb-443b-aeb7-12210312b231":{"type":"collapsible_row","settings":{"heading":"*Question 3 About Product*","icon":"question_mark","row_content":"","page":""}},"template--15086485667927__b34ce4ac-4fe8-426f-835c-794725f20a63-collapsible_row-2":{"type":"collapsible_row","settings":{"heading":"How can I get in contact?","icon":"question_mark","row_content":"","page":""}},"template--15086485667927__b34ce4ac-4fe8-426f-835c-794725f20a63-collapsible_row-1":{"type":"collapsible_row","settings":{"heading":"How fast is shipping?","icon":"question_mark","row_content":"","page":""}}},"block_order":["template--15086485667927__b34ce4ac-4fe8-426f-835c-794725f20a63-collapsible_row-3","template--15086485667927__b34ce4ac-4fe8-426f-835c-794725f20a63-collapsible_row-4","263adf61-74bb-443b-aeb7-12210312b231","template--15086485667927__b34ce4ac-4fe8-426f-835c-794725f20a63-collapsible_row-2","template--15086485667927__b34ce4ac-4fe8-426f-835c-794725f20a63-collapsible_row-1"],"settings":{"caption":"","heading":"","heading_size":"h1","heading_alignment":"center","layout":"none","color_scheme":"background-1","container_color_scheme":"background-2","open_first_collapsible_row":false,"image_ratio":"adapt","desktop_layout":"image_second","padding_top":0,"padding_bottom":36}},"631f6e87-60aa-48b2-a7e1-6d009b013a07":{"type":"rich-text","blocks":{"template--15086485667927__631f6e87-60aa-48b2-a7e1-6d009b013a07-heading-1":{"type":"heading","settings":{"heading":"What Our Customers Say...","heading_size":"h1"}},"2f374779-0f9b-4596-8b46-b78f7e414692":{"type":"text","settings":{"text":"<p>(Review App Goes Here)<\/p>"}}},"block_order":["template--15086485667927__631f6e87-60aa-48b2-a7e1-6d009b013a07-heading-1","2f374779-0f9b-4596-8b46-b78f7e414692"],"settings":{"desktop_content_position":"center","content_alignment":"center","color_scheme":"","full_width":true,"padding_top":24,"padding_bottom":20}},"801551d6-dc8e-42be-b835-e65a59501eef":{"type":"newsletter","blocks":{"template--15086485667927__801551d6-dc8e-42be-b835-e65a59501eef-heading-1":{"type":"heading","settings":{"heading":"Want To Save More?","heading_size":"h1"}},"template--15086485667927__801551d6-dc8e-42be-b835-e65a59501eef-paragraph-1":{"type":"paragraph","settings":{"text":"<p>Sign Up To Receive <strong>Exclusive Offers, Discounts, <\/strong>&<strong> Free Product Giveaways!<\/strong><\/p>"}},"template--15086485667927__801551d6-dc8e-42be-b835-e65a59501eef-email_form-1":{"type":"email_form","settings":{}}},"block_order":["template--15086485667927__801551d6-dc8e-42be-b835-e65a59501eef-heading-1","template--15086485667927__801551d6-dc8e-42be-b835-e65a59501eef-paragraph-1","template--15086485667927__801551d6-dc8e-42be-b835-e65a59501eef-email_form-1"],"settings":{"color_scheme":"inverse","full_width":true,"padding_top":40,"padding_bottom":52}}},"order":["main","ff89e435-0fed-46c2-ad60-a488008b6c5b","b02255d2-b2e0-4cba-bbf4-e04506097ca3","894895de-c4b5-454b-a966-c08c0e4ccf21","92f93402-00b5-4032-90e7-6417ac7450e8","related-products","59b425d5-50be-4421-a5fe-19d951a8772b","ad6cb685-ae7d-43b6-96ae-cba183e699ed","3eb458c1-1b56-4b33-83fd-1c36cd779289","9cd4065a-1a98-4b0d-a54d-43d22ce98e5a","b3dfe4f8-3c0f-4006-99b1-a7a49e1291c1","fa279310-43cb-4c46-94e1-2cbabbb8ee4b","b34ce4ac-4fe8-426f-835c-794725f20a63","631f6e87-60aa-48b2-a7e1-6d009b013a07","801551d6-dc8e-42be-b835-e65a59501eef"]}